,RMSE,MAE,P-Value
SARIMA_reclim_1_14,11685.25721235461,10663.65947037198,0.20074848289828642
TBATS_reclim_1_14,7762.680478428732,6743.684656813245,0.2931263682610956
PROPHET_reclim_1_14,13574.965388094304,12726.76719736368,0.309501967613135
